tool,tf,exit,dev_n,dev_win%,dev_avgR,dev_t,dev_PF,dev_maxDD,val_n,val_win%,val_avgR,val_t,val_PF,val_maxDD,test_n,test_win%,test_avgR,test_t,test_PF,test_maxDD,all_n,all_win%,all_avgR,all_t,all_PF,all_maxDD
均線黃金/死亡交叉,15m,跟蹤,3960,26.4,-0.026,-0.78,0.96,184.0,1395,25.7,-0.051,-0.93,0.92,91.9,1482,24.1,-0.149,-2.98,0.78,226.7,7001,25.8,-0.061,-2.48,0.91,469.0
均線黃金/死亡交叉,15m,固定1.5R,4274,37.0,-0.13,-7.05,0.8,559.1,1524,35.4,-0.163,-5.35,0.75,254.8,1624,34.2,-0.182,-6.25,0.73,296.0,7613,36.2,-0.145,-10.59,0.78,1128.0
價格穿越EMA200,15m,跟蹤,2984,27.6,-0.034,-0.96,0.95,155.1,1038,25.0,-0.081,-1.37,0.88,104.6,1129,26.1,-0.124,-2.34,0.81,159.3,5280,26.8,-0.067,-2.45,0.9,398.3
價格穿越EMA200,15m,固定1.5R,3765,37.0,-0.128,-6.51,0.8,496.3,1300,37.0,-0.13,-3.9,0.8,174.2,1417,37.1,-0.114,-3.59,0.82,164.2,6667,37.1,-0.123,-8.37,0.81,829.0
布林收窄後突破,15m,跟蹤,3952,23.4,-0.017,-0.45,0.98,243.7,1357,23.0,-0.003,-0.05,1.0,95.1,1448,20.9,-0.181,-3.15,0.75,291.3,6922,22.6,-0.055,-1.95,0.92,522.0
布林收窄後突破,15m,固定1.5R,5385,35.4,-0.155,-9.18,0.77,836.6,1892,32.4,-0.225,-8.28,0.68,426.9,1997,33.8,-0.185,-6.91,0.73,374.8,9501,34.4,-0.176,-14.09,0.74,1680.1
布林盤整回歸,15m,跟蹤,2728,27.2,0.019,0.43,1.03,89.5,870,26.6,-0.038,-0.58,0.94,116.2,1006,25.6,-0.036,-0.54,0.95,83.0,4699,26.8,-0.006,-0.2,0.99,157.0
布林盤整回歸,15m,固定1.5R,3538,36.8,-0.122,-5.98,0.81,448.2,1159,35.4,-0.154,-4.37,0.77,199.4,1312,35.4,-0.157,-4.73,0.77,212.3,6133,36.4,-0.132,-8.53,0.8,840.7
RSI 30/70 回歸,15m,跟蹤,4435,27.6,-0.068,-2.35,0.89,348.4,1524,25.7,-0.204,-4.78,0.7,337.8,1623,27.7,-0.148,-3.59,0.77,254.3,7742,27.2,-0.111,-5.36,0.83,889.5
RSI 30/70 回歸,15m,固定1.5R,5979,36.7,-0.133,-8.71,0.79,801.4,2075,33.7,-0.219,-8.5,0.68,470.1,2203,36.4,-0.145,-5.79,0.78,324.5,10479,36.1,-0.151,-13.13,0.77,1602.1
MACD 交叉,15m,跟蹤,6471,26.9,-0.054,-2.12,0.92,561.6,2181,25.4,-0.135,-3.39,0.8,325.6,2204,29.2,-0.045,-1.12,0.93,110.3,11106,27.1,-0.068,-3.6,0.9,965.2
MACD 交叉,15m,固定1.5R,11345,37.1,-0.131,-11.55,0.8,1493.9,3878,35.8,-0.163,-8.52,0.75,655.4,4022,37.0,-0.131,-7.0,0.8,530.2,19711,36.9,-0.135,-15.76,0.79,2680.6
KD 高低檔交叉,15m,跟蹤,5311,26.4,-0.141,-5.7,0.78,759.4,1756,26.4,-0.105,-2.25,0.84,211.1,1999,26.6,-0.149,-3.84,0.77,328.0,9283,26.5,-0.134,-7.08,0.8,1253.2
KD 高低檔交叉,15m,固定1.5R,7784,37.5,-0.124,-9.1,0.81,965.0,2644,34.7,-0.188,-8.26,0.72,506.0,3038,36.6,-0.145,-6.73,0.78,455.2,13800,36.9,-0.139,-13.68,0.79,1930.1
SAR 翻轉,15m,跟蹤,6544,26.8,-0.033,-1.31,0.95,432.9,2222,25.9,-0.17,-4.66,0.75,393.3,2316,27.4,-0.051,-1.22,0.92,152.2,11331,26.8,-0.063,-3.35,0.9,941.0
SAR 翻轉,15m,固定1.5R,11872,36.5,-0.144,-12.55,0.78,1717.6,4101,36.2,-0.148,-7.85,0.78,621.9,4415,36.1,-0.148,-8.28,0.77,658.5,20805,36.4,-0.145,-17.07,0.78,3039.1
雲帶突破,15m,跟蹤,5855,26.6,-0.021,-0.74,0.97,290.4,1881,25.6,-0.08,-1.76,0.88,201.9,2101,24.5,-0.144,-3.4,0.79,321.7,10080,26.0,-0.06,-2.86,0.91,737.1
雲帶突破,15m,固定1.5R,7679,37.4,-0.117,-8.34,0.82,898.1,2502,35.7,-0.156,-6.53,0.77,404.0,2787,35.5,-0.147,-6.5,0.78,414.7,13303,36.8,-0.129,-12.25,0.8,1721.9
轉換線/基準線交叉(雲外),15m,跟蹤,4122,28.5,0.043,1.25,1.07,120.2,1319,27.6,-0.024,-0.44,0.96,103.1,1481,26.7,-0.067,-1.36,0.9,151.0,7097,27.8,0.002,0.06,1.0,193.5
轉換線/基準線交叉(雲外),15m,固定1.5R,5150,37.7,-0.107,-6.4,0.83,555.7,1687,38.7,-0.096,-3.25,0.85,173.8,1841,36.3,-0.136,-4.96,0.79,254.9,8896,37.5,-0.112,-8.77,0.83,993.5
爆量長K,15m,跟蹤,3865,25.9,0.034,0.91,1.05,83.3,1382,25.0,-0.098,-1.91,0.86,153.7,1380,25.7,-0.088,-1.68,0.87,161.1,6860,25.6,-0.027,-1.06,0.96,317.2
爆量長K,15m,固定1.5R,5399,37.6,-0.087,-5.22,0.86,486.8,1885,37.0,-0.104,-3.74,0.84,223.5,1840,36.1,-0.118,-4.2,0.82,225.1,9462,37.0,-0.101,-8.06,0.84,960.4
穿越樞軸P,15m,跟蹤,3836,26.3,-0.07,-2.19,0.89,324.4,1278,24.5,-0.142,-2.81,0.79,219.9,1456,24.9,-0.126,-2.42,0.82,187.2,6752,25.5,-0.102,-4.33,0.85,691.3
穿越樞軸P,15m,固定1.5R,4740,37.3,-0.114,-6.45,0.82,571.3,1552,34.7,-0.166,-5.53,0.75,259.3,1754,33.5,-0.2,-7.16,0.71,351.0,8303,36.2,-0.138,-10.44,0.79,1152.5
突破R1/跌破S1,15m,跟蹤,2934,30.7,0.068,1.77,1.11,58.9,979,30.0,0.024,0.38,1.04,37.8,1040,28.7,0.004,0.07,1.01,61.3,5062,30.2,0.044,1.56,1.07,65.2
突破R1/跌破S1,15m,固定1.5R,3531,39.0,-0.066,-3.24,0.89,241.4,1238,38.3,-0.09,-2.63,0.86,116.4,1313,37.5,-0.102,-3.12,0.84,140.3,6219,38.6,-0.079,-5.16,0.87,498.8
亞洲盤區間突破,15m,跟蹤,3163,25.6,-0.014,-0.34,0.98,275.3,998,24.2,-0.067,-1.02,0.91,99.6,1139,24.5,-0.188,-3.51,0.74,217.2,5453,25.1,-0.062,-2.14,0.91,477.2
亞洲盤區間突破,15m,固定1.5R,3357,37.3,-0.097,-4.55,0.85,338.1,1051,35.0,-0.15,-4.04,0.78,163.5,1199,31.9,-0.227,-6.69,0.68,278.9,5774,35.9,-0.129,-8.05,0.8,771.4
穿越VWAP(歐美盤),15m,跟蹤,3580,25.6,-0.011,-0.29,0.98,219.5,1089,27.5,-0.014,-0.22,0.98,65.7,1214,28.1,-0.093,-1.82,0.86,135.8,6038,26.4,-0.032,-1.17,0.95,353.6
穿越VWAP(歐美盤),15m,固定1.5R,4672,38.0,-0.08,-4.46,0.87,398.6,1418,36.7,-0.114,-3.56,0.82,163.0,1598,38.4,-0.073,-2.4,0.88,121.7,7907,38.0,-0.081,-5.88,0.87,664.2
突破整數關卡,15m,跟蹤,2039,29.2,0.045,0.92,1.07,113.7,261,34.5,0.104,0.87,1.18,22.4,341,28.4,-0.001,-0.01,1.0,30.8,2702,29.6,0.041,0.97,1.06,113.7
突破整數關卡,15m,固定1.5R,2894,37.5,-0.102,-4.5,0.84,334.4,312,42.0,0.012,0.17,1.02,23.9,410,34.9,-0.153,-2.62,0.77,74.5,3687,37.6,-0.099,-4.96,0.84,385.3
吞噬/錘子/流星(不看位置),15m,跟蹤,7931,27.0,-0.053,-2.34,0.92,589.6,2647,26.2,-0.088,-2.4,0.87,298.9,2891,26.4,-0.095,-2.63,0.86,279.1,13792,26.7,-0.071,-4.21,0.89,1101.8
吞噬/錘子/流星(不看位置),15m,固定1.5R,16380,36.7,-0.133,-13.86,0.79,2201.1,5905,36.0,-0.144,-9.3,0.78,860.5,6163,35.5,-0.16,-10.65,0.76,1001.2,29061,36.4,-0.138,-19.42,0.79,4069.3
三角形突破,15m,跟蹤,1212,24.8,-0.043,-0.67,0.94,120.2,454,22.9,-0.064,-0.62,0.91,73.4,410,26.3,0.009,0.08,1.01,75.1,2124,24.4,-0.035,-0.71,0.95,165.9
三角形突破,15m,固定1.5R,1359,37.5,-0.125,-3.78,0.81,172.9,504,35.9,-0.152,-2.8,0.78,77.3,451,34.8,-0.184,-3.29,0.73,88.7,2371,36.5,-0.146,-5.85,0.78,350.7
M頭/W底頸線突破,15m,跟蹤,1169,23.4,-0.079,-1.24,0.89,108.1,343,27.7,-0.075,-0.72,0.89,68.8,382,28.5,-0.018,-0.18,0.97,78.0,1938,25.0,-0.07,-1.49,0.9,164.6
M頭/W底頸線突破,15m,固定1.5R,1285,35.6,-0.148,-4.39,0.78,191.5,386,36.0,-0.14,-2.29,0.79,66.0,419,36.3,-0.141,-2.42,0.78,68.8,2139,35.8,-0.147,-5.64,0.78,322.3
頭肩頸線突破,15m,跟蹤,398,25.6,-0.205,-2.55,0.7,101.5,152,21.7,-0.191,-1.33,0.73,40.0,162,27.2,-0.074,-0.49,0.89,36.5,727,25.0,-0.177,-2.8,0.74,152.9
頭肩頸線突破,15m,固定1.5R,428,35.5,-0.142,-2.46,0.78,64.4,162,37.0,-0.139,-1.46,0.79,26.3,168,35.1,-0.169,-1.84,0.75,30.5,774,35.8,-0.148,-3.43,0.78,115.9
箱型突破,15m,跟蹤,550,26.7,-0.073,-0.88,0.89,74.7,181,21.5,-0.085,-0.52,0.88,50.6,203,29.1,0.029,0.21,1.04,20.3,962,26.2,-0.057,-0.9,0.92,99.0
箱型突破,15m,固定1.5R,577,36.2,-0.119,-2.37,0.82,75.0,187,34.8,-0.148,-1.7,0.78,44.7,210,36.2,-0.122,-1.46,0.81,36.2,1004,36.2,-0.119,-3.14,0.82,131.9
旗形突破,15m,跟蹤,2333,25.5,-0.08,-1.76,0.88,241.4,836,23.9,-0.08,-1.11,0.89,67.2,845,24.5,-0.114,-1.72,0.83,104.5,4086,25.0,-0.082,-2.45,0.88,408.9
旗形突破,15m,固定1.5R,2912,35.0,-0.172,-7.76,0.74,503.3,1050,33.6,-0.207,-5.67,0.7,219.1,1050,35.7,-0.148,-4.03,0.77,157.3,5100,34.7,-0.176,-10.54,0.74,903.4
壓力突破/支撐跌破,15m,跟蹤,7327,26.5,-0.026,-1.01,0.96,478.1,2382,26.0,-0.059,-1.43,0.91,196.8,2643,25.6,-0.114,-3.11,0.83,372.7,12641,26.2,-0.052,-2.82,0.92,979.1
壓力突破/支撐跌破,15m,固定1.5R,13216,37.2,-0.113,-10.77,0.82,1506.0,4481,35.5,-0.159,-8.88,0.76,712.7,4820,35.1,-0.165,-9.65,0.75,797.9,23060,36.5,-0.13,-16.48,0.8,3034.2
支撐/壓力反彈,15m,跟蹤,7242,26.8,-0.042,-1.73,0.94,462.7,2414,27.1,-0.048,-1.14,0.93,205.0,2586,26.9,-0.096,-2.61,0.85,261.5,12546,26.8,-0.058,-3.25,0.91,804.2
支撐/壓力反彈,15m,固定1.5R,13065,37.6,-0.111,-10.54,0.83,1457.2,4619,36.5,-0.137,-7.79,0.79,636.4,4978,37.3,-0.109,-6.48,0.83,552.5,23230,37.3,-0.118,-14.99,0.82,2745.9
趨勢線反彈,15m,跟蹤,707,25.6,-0.132,-1.85,0.81,98.9,279,21.9,-0.102,-0.84,0.85,48.1,269,25.7,-0.138,-1.32,0.79,60.2,1285,24.7,-0.13,-2.47,0.81,172.3
趨勢線反彈,15m,固定1.5R,805,36.4,-0.14,-3.31,0.79,116.0,333,38.4,-0.08,-1.2,0.87,44.0,328,39.0,-0.076,-1.14,0.88,33.4,1502,37.6,-0.108,-3.47,0.83,172.4
趨勢線跌破/突破,15m,跟蹤,602,24.6,-0.158,-2.13,0.76,99.0,252,29.8,-0.057,-0.51,0.91,28.6,231,23.8,-0.129,-0.99,0.81,43.6,1107,25.6,-0.122,-2.2,0.81,142.1
趨勢線跌破/突破,15m,固定1.5R,630,36.8,-0.137,-2.84,0.79,96.1,277,39.7,-0.072,-0.96,0.89,28.0,256,33.6,-0.205,-2.75,0.7,58.3,1185,37.0,-0.132,-3.74,0.8,164.0
費波納奇回撤反彈,15m,跟蹤,221,30.8,0.011,0.08,1.02,31.4,78,19.2,-0.473,-3.99,0.32,37.2,64,25.0,0.152,0.37,1.22,20.4,369,27.4,-0.072,-0.63,0.89,70.1
費波納奇回撤反彈,15m,固定1.5R,248,39.9,-0.081,-1.01,0.87,30.5,88,31.8,-0.234,-1.92,0.65,21.7,72,25.0,-0.434,-3.5,0.43,33.7,414,35.7,-0.174,-2.93,0.74,83.8
RSI背離,15m,跟蹤,2146,28.1,-0.096,-2.32,0.85,231.8,797,26.1,-0.17,-2.64,0.74,147.4,909,27.8,-0.132,-2.44,0.79,137.2,3933,27.8,-0.112,-3.8,0.82,479.5
RSI背離,15m,固定1.5R,2486,37.4,-0.125,-5.21,0.8,318.1,944,35.2,-0.185,-4.73,0.73,185.1,1085,37.8,-0.112,-3.1,0.82,125.4,4610,37.4,-0.126,-7.14,0.8,614.9
MACD背離,15m,跟蹤,2370,26.8,-0.071,-1.75,0.89,219.6,861,25.2,-0.18,-3.02,0.73,159.8,909,28.9,-0.037,-0.57,0.94,72.5,4217,27.0,-0.083,-2.78,0.87,387.8
MACD背離,15m,固定1.5R,2765,37.6,-0.113,-4.95,0.82,322.8,1015,36.7,-0.129,-3.42,0.8,136.7,1097,36.9,-0.13,-3.61,0.8,146.5,4961,37.4,-0.116,-6.8,0.82,595.3
K線型態@支撐壓力,15m,跟蹤,5478,27.3,-0.018,-0.64,0.97,261.1,1979,26.9,-0.054,-1.21,0.92,165.1,2135,26.2,-0.102,-2.52,0.85,272.5,9812,26.9,-0.045,-2.2,0.93,613.4
K線型態@支撐壓力,15m,固定1.5R,8580,37.0,-0.128,-9.82,0.8,1098.2,3330,36.1,-0.145,-6.95,0.78,484.1,3467,36.4,-0.133,-6.62,0.79,468.8,15727,36.7,-0.132,-13.82,0.8,2098.6
均線黃金/死亡交叉,1h,跟蹤,979,31.3,-0.005,-0.09,0.99,80.0,333,27.3,-0.023,-0.2,0.96,51.8,374,27.5,-0.109,-1.11,0.84,68.6,1735,29.4,-0.035,-0.76,0.95,150.3
均線黃金/死亡交叉,1h,固定1.5R,1067,39.8,-0.035,-0.91,0.94,52.6,367,38.7,-0.073,-1.12,0.89,37.3,417,40.5,-0.017,-0.28,0.97,20.2,1904,39.7,-0.04,-1.4,0.94,93.1
價格穿越EMA200,1h,跟蹤,691,34.3,0.092,1.11,1.16,47.3,271,26.6,-0.1,-0.82,0.85,46.5,264,27.7,-0.068,-0.66,0.89,30.7,1259,31.5,0.025,0.44,1.04,95.7
價格穿越EMA200,1h,固定1.5R,872,42.7,0.034,0.8,1.06,30.9,355,34.9,-0.164,-2.57,0.76,58.1,354,35.9,-0.137,-2.14,0.79,60.4,1620,39.3,-0.053,-1.74,0.92,123.2
布林收窄後突破,1h,跟蹤,1038,29.8,0.054,0.88,1.08,57.0,345,27.2,-0.03,-0.24,0.96,66.6,391,28.1,-0.028,-0.3,0.96,24.9,1818,28.9,0.022,0.47,1.03,111.9
布林收窄後突破,1h,固定1.5R,1519,40.9,-0.0,-0.02,1.0,55.6,512,37.3,-0.107,-1.98,0.84,74.3,576,38.9,-0.06,-1.18,0.9,50.9,2677,39.8,-0.034,-1.45,0.94,129.2
布林盤整回歸,1h,跟蹤,564,32.8,0.107,1.26,1.17,34.4,191,29.8,0.08,0.56,1.13,29.0,239,21.8,-0.163,-1.05,0.78,68.6,1023,29.6,0.04,0.6,1.06,88.6
布林盤整回歸,1h,固定1.5R,711,36.4,-0.132,-2.91,0.8,114.7,250,44.0,0.059,0.75,1.1,12.2,289,31.8,-0.245,-3.56,0.65,75.7,1282,36.5,-0.132,-3.9,0.8,171.7
RSI 30/70 回歸,1h,跟蹤,1243,27.5,-0.055,-0.98,0.92,88.5,378,27.2,0.02,0.18,1.03,24.1,434,23.5,-0.236,-3.4,0.65,102.5,2112,26.6,-0.084,-2.04,0.87,177.0
RSI 30/70 回歸,1h,固定1.5R,1795,36.8,-0.116,-4.06,0.82,215.0,598,35.5,-0.159,-3.23,0.76,96.6,620,35.6,-0.153,-3.21,0.77,96.4,3087,36.5,-0.126,-5.81,0.81,404.8
MACD 交叉,1h,跟蹤,1616,29.8,0.035,0.67,1.06,89.8,535,26.5,-0.113,-1.44,0.83,76.5,580,28.3,-0.051,-0.71,0.92,65.9,2790,28.9,-0.009,-0.23,0.99,143.9
MACD 交叉,1h,固定1.5R,3045,39.1,-0.053,-2.37,0.92,172.5,1047,39.7,-0.043,-1.13,0.93,72.4,1118,38.3,-0.071,-1.96,0.89,107.1,5336,39.0,-0.057,-3.39,0.91,327.7
KD 高低檔交叉,1h,跟蹤,1421,26.0,-0.081,-1.52,0.88,143.5,487,24.2,-0.257,-3.56,0.64,136.4,538,25.5,-0.099,-1.14,0.85,77.6,2491,25.8,-0.109,-2.79,0.84,322.9
KD 高低檔交叉,1h,固定1.5R,2165,35.8,-0.134,-5.17,0.8,313.0,755,36.7,-0.123,-2.78,0.81,99.4,842,34.9,-0.157,-3.82,0.77,134.6,3846,36.0,-0.132,-6.81,0.8,523.7
SAR 翻轉,1h,跟蹤,1605,29.3,-0.013,-0.29,0.98,62.2,522,28.5,-0.05,-0.58,0.93,64.2,598,26.4,-0.072,-0.98,0.89,62.7,2792,28.6,-0.029,-0.82,0.96,126.6
SAR 翻轉,1h,固定1.5R,3106,39.3,-0.052,-2.35,0.92,185.6,1046,37.7,-0.097,-2.59,0.85,121.1,1193,40.2,-0.021,-0.58,0.97,58.6,5482,39.1,-0.058,-3.46,0.91,323.7
雲帶突破,1h,跟蹤,1369,29.4,0.009,0.18,1.01,87.9,425,28.0,-0.055,-0.58,0.91,64.0,498,29.3,-0.028,-0.36,0.96,51.4,2354,29.1,-0.016,-0.42,0.98,156.5
雲帶突破,1h,固定1.5R,1794,37.6,-0.091,-3.15,0.86,172.7,588,42.9,0.034,0.66,1.06,45.8,664,37.2,-0.1,-2.13,0.85,70.3,3127,38.4,-0.07,-3.22,0.89,223.8
轉換線/基準線交叉(雲外),1h,跟蹤,998,32.0,0.172,2.4,1.29,24.3,355,26.8,-0.029,-0.25,0.96,74.1,382,29.1,-0.045,-0.47,0.93,54.1,1787,30.0,0.07,1.38,1.11,85.5
轉換線/基準線交叉(雲外),1h,固定1.5R,1294,44.7,0.089,2.57,1.16,30.2,460,39.8,-0.031,-0.54,0.95,54.7,494,40.7,-0.004,-0.07,0.99,25.4,2311,42.4,0.033,1.26,1.05,58.5
爆量長K,1h,跟蹤,1192,31.6,0.053,0.91,1.09,47.8,391,29.9,0.034,0.33,1.06,39.3,422,27.0,-0.06,-0.69,0.91,37.1,2074,30.3,0.018,0.42,1.03,56.6
爆量長K,1h,固定1.5R,1943,41.0,-0.012,-0.42,0.98,49.2,625,40.5,-0.032,-0.65,0.95,31.5,660,39.5,-0.041,-0.87,0.93,50.4,3336,40.6,-0.021,-0.98,0.97,91.7
穿越樞軸P,1h,跟蹤,1381,31.2,-0.009,-0.19,0.99,61.9,438,29.0,-0.096,-1.25,0.85,64.7,502,26.5,0.001,0.01,1.0,46.9,2387,29.8,-0.026,-0.72,0.96,121.9
穿越樞軸P,1h,固定1.5R,2268,39.2,-0.05,-1.93,0.92,122.1,748,36.9,-0.117,-2.63,0.82,95.5,848,38.9,-0.055,-1.3,0.91,68.9,3975,38.8,-0.062,-3.19,0.9,270.2
突破R1/跌破S1,1h,跟蹤,1335,31.9,0.107,1.88,1.17,37.0,426,29.8,0.049,0.48,1.08,47.2,496,28.4,-0.111,-1.55,0.83,66.2,2312,30.7,0.048,1.16,1.08,77.1
突破R1/跌破S1,1h,固定1.5R,2070,43.1,0.052,1.92,1.09,31.1,702,42.3,0.017,0.36,1.03,23.3,756,38.6,-0.067,-1.51,0.89,64.8,3609,41.9,0.016,0.78,1.03,64.8
突破整數關卡,1h,跟蹤,817,32.7,0.055,0.87,1.09,35.6,140,30.0,-0.031,-0.21,0.95,17.6,186,30.1,-0.066,-0.53,0.9,28.1,1174,31.9,0.024,0.47,1.04,53.5
突破整數關卡,1h,固定1.5R,1354,40.2,-0.021,-0.62,0.97,75.4,166,38.0,-0.081,-0.85,0.87,33.1,219,38.8,-0.065,-0.79,0.9,32.6,1781,39.8,-0.034,-1.16,0.95,100.6
吞噬/錘子/流星(不看位置),1h,跟蹤,1909,30.1,-0.028,-0.67,0.96,132.9,595,29.6,0.032,0.39,1.05,55.4,672,28.4,-0.027,-0.35,0.96,72.0,3248,29.8,-0.016,-0.46,0.98,183.7
吞噬/錘子/流星(不看位置),1h,固定1.5R,4172,37.7,-0.093,-4.94,0.86,402.0,1501,36.3,-0.135,-4.34,0.8,212.2,1544,37.7,-0.095,-3.09,0.85,165.8,7385,37.5,-0.101,-7.1,0.84,769.2
三角形突破,1h,跟蹤,399,29.3,0.11,0.95,1.17,28.0,157,29.3,0.268,1.17,1.41,19.2,149,28.2,0.093,0.53,1.14,10.8,722,28.7,0.114,1.27,1.17,28.0
三角形突破,1h,固定1.5R,462,44.4,0.088,1.52,1.15,20.3,194,43.8,0.077,0.86,1.13,12.6,173,38.2,-0.065,-0.7,0.9,29.5,848,42.6,0.038,0.86,1.06,29.5
M頭/W底頸線突破,1h,跟蹤,211,28.0,-0.126,-1.16,0.8,51.8,68,33.8,0.098,0.44,1.18,12.9,84,28.6,-0.001,-0.01,1.0,11.8,374,29.1,-0.069,-0.8,0.89,52.1
M頭/W底頸線突破,1h,固定1.5R,224,46.0,0.107,1.23,1.19,25.7,73,53.4,0.296,2.0,1.61,7.1,89,32.6,-0.211,-1.68,0.7,24.5,398,44.5,0.074,1.16,1.13,25.7
頭肩頸線突破,1h,跟蹤,134,31.3,0.13,0.71,1.21,22.8,41,39.0,0.566,1.0,1.99,10.1,42,31.0,0.084,0.3,1.13,11.4,221,32.1,0.181,1.12,1.29,22.8
頭肩頸線突破,1h,固定1.5R,143,46.2,0.121,1.15,1.22,8.4,46,45.7,0.11,0.59,1.19,7.7,44,29.5,-0.294,-1.67,0.6,14.7,237,42.2,0.023,0.28,1.04,15.2
箱型突破,1h,跟蹤,141,39.0,0.097,0.64,1.18,18.6,49,38.8,0.424,1.13,1.72,9.6,56,25.0,-0.324,-1.77,0.56,20.1,251,35.1,0.049,0.41,1.08,22.7
箱型突破,1h,固定1.5R,150,47.3,0.144,1.41,1.27,9.5,49,49.0,0.197,1.08,1.37,6.8,56,21.4,-0.492,-3.55,0.39,27.6,260,41.9,0.008,0.11,1.01,27.6
旗形突破,1h,跟蹤,658,28.4,0.014,0.17,1.02,57.9,219,30.1,0.083,0.49,1.13,22.5,228,27.6,-0.11,-0.95,0.84,52.1,1132,28.4,-0.005,-0.09,0.99,84.1
旗形突破,1h,固定1.5R,875,38.3,-0.065,-1.58,0.9,82.1,293,40.3,-0.025,-0.35,0.96,34.9,288,37.2,-0.092,-1.28,0.86,43.8,1493,38.1,-0.072,-2.27,0.89,130.3
壓力突破/支撐跌破,1h,跟蹤,1725,31.0,0.122,2.34,1.19,29.2,592,27.2,-0.074,-0.88,0.89,94.4,666,27.3,-0.089,-1.21,0.87,99.5,3050,29.6,0.036,0.97,1.06,148.3
壓力突破/支撐跌破,1h,固定1.5R,3516,39.4,-0.051,-2.45,0.92,181.8,1209,39.1,-0.06,-1.71,0.9,125.2,1276,38.1,-0.079,-2.32,0.88,125.5,6147,38.9,-0.062,-3.96,0.9,390.8
支撐/壓力反彈,1h,跟蹤,1820,28.6,-0.004,-0.08,0.99,93.3,594,26.8,-0.06,-0.73,0.91,73.1,651,25.7,-0.105,-1.46,0.84,108.9,3123,28.0,-0.031,-0.9,0.95,232.6
支撐/壓力反彈,1h,固定1.5R,3646,38.3,-0.08,-3.94,0.88,302.6,1238,38.0,-0.103,-2.99,0.84,156.4,1320,37.5,-0.099,-2.98,0.85,135.2,6337,38.1,-0.087,-5.71,0.86,562.4
趨勢線反彈,1h,跟蹤,280,28.2,0.009,0.07,1.01,45.2,91,28.6,0.23,0.69,1.35,25.0,112,29.5,0.086,0.44,1.13,12.1,490,28.6,0.062,0.6,1.09,58.2
趨勢線反彈,1h,固定1.5R,328,36.3,-0.124,-1.84,0.81,52.8,125,37.6,-0.081,-0.75,0.87,27.7,143,39.2,-0.044,-0.43,0.93,10.1,604,37.3,-0.096,-1.93,0.85,71.5
趨勢線跌破/突破,1h,跟蹤,277,31.4,0.036,0.33,1.06,19.2,99,26.3,-0.155,-0.97,0.78,19.8,97,22.7,-0.23,-1.56,0.66,22.3,482,28.8,-0.045,-0.57,0.93,56.2
趨勢線跌破/突破,1h,固定1.5R,297,37.7,-0.109,-1.5,0.83,40.7,112,34.8,-0.178,-1.54,0.74,24.1,106,36.8,-0.106,-0.9,0.84,17.1,524,37.2,-0.115,-2.12,0.83,68.1
費波納奇回撤反彈,1h,跟蹤,45,26.7,0.317,0.76,1.51,10.5,10,20.0,-0.254,-0.68,0.6,4.7,14,28.6,0.212,0.33,1.31,7.8,72,25.0,0.175,0.6,1.27,12.5
費波納奇回撤反彈,1h,固定1.5R,51,39.2,-0.053,-0.32,0.91,11.4,10,40.0,-0.027,-0.07,0.96,3.6,14,28.6,-0.321,-1.02,0.57,6.8,78,37.2,-0.104,-0.76,0.84,12.6
RSI背離,1h,跟蹤,619,31.5,0.084,1.1,1.14,32.9,225,29.8,-0.048,-0.42,0.93,29.5,242,28.5,-0.103,-0.99,0.84,35.5,1107,30.1,0.002,0.04,1.0,58.7
RSI背離,1h,固定1.5R,755,44.6,0.067,1.48,1.12,24.3,279,36.6,-0.139,-1.92,0.79,55.5,293,37.2,-0.11,-1.55,0.83,46.1,1349,41.0,-0.023,-0.68,0.96,89.5
MACD背離,1h,跟蹤,696,28.9,0.025,0.36,1.04,44.6,237,24.5,-0.228,-2.29,0.68,66.9,263,26.6,-0.123,-1.11,0.81,42.2,1212,27.5,-0.058,-1.12,0.91,131.9
MACD背離,1h,固定1.5R,873,38.3,-0.102,-2.46,0.84,91.5,282,35.1,-0.186,-2.61,0.73,64.5,316,39.6,-0.054,-0.77,0.92,27.9,1489,37.9,-0.109,-3.44,0.83,168.9
K線型態@支撐壓力,1h,跟蹤,1428,29.4,-0.03,-0.63,0.95,111.2,478,28.7,0.07,0.73,1.11,49.2,543,25.4,-0.157,-1.99,0.76,109.7,2506,28.4,-0.045,-1.2,0.93,171.9
K線型態@支撐壓力,1h,固定1.5R,2352,37.7,-0.096,-3.81,0.85,241.5,893,38.9,-0.074,-1.81,0.88,74.7,901,38.2,-0.079,-1.95,0.88,79.0,4245,38.3,-0.083,-4.4,0.87,385.8
均線黃金/死亡交叉,4h,跟蹤,270,30.4,0.091,0.76,1.15,26.5,92,18.5,-0.388,-2.49,0.49,48.2,94,26.6,-0.001,-0.01,1.0,10.8,467,27.4,-0.023,-0.26,0.97,57.3
均線黃金/死亡交叉,4h,固定1.5R,287,44.3,0.068,0.92,1.12,31.2,105,28.6,-0.346,-3.16,0.54,40.7,104,40.4,-0.028,-0.23,0.95,12.7,508,40.0,-0.044,-0.81,0.93,69.0
價格穿越EMA200,4h,跟蹤,216,28.2,-0.032,-0.26,0.95,27.7,71,23.9,-0.193,-0.97,0.72,25.2,79,22.8,-0.071,-0.31,0.9,16.4,372,26.1,-0.073,-0.77,0.89,51.4
價格穿越EMA200,4h,固定1.5R,267,43.1,0.042,0.55,1.07,24.4,92,38.0,-0.12,-0.95,0.82,28.5,99,39.4,-0.056,-0.45,0.91,11.3,465,41.5,-0.006,-0.11,0.99,37.1
布林收窄後突破,4h,跟蹤,256,33.2,0.235,1.65,1.38,17.0,92,26.1,0.017,0.07,1.02,28.8,99,23.2,-0.055,-0.28,0.93,14.1,455,29.9,0.127,1.21,1.19,28.8
布林收窄後突破,4h,固定1.5R,394,45.4,0.093,1.48,1.16,12.0,135,38.5,-0.091,-0.87,0.86,21.9,141,36.9,-0.117,-1.15,0.82,26.3,689,41.8,0.001,0.02,1.0,44.2
布林盤整回歸,4h,跟蹤,109,30.3,0.319,1.31,1.51,18.7,47,25.5,-0.243,-1.21,0.62,11.4,49,40.8,0.64,1.66,2.18,7.9,214,31.3,0.242,1.51,1.39,18.7
布林盤整回歸,4h,固定1.5R,140,37.1,-0.106,-1.04,0.84,25.3,63,52.4,0.224,1.45,1.45,7.6,68,52.9,0.28,1.83,1.57,5.9,282,45.0,0.078,1.05,1.14,25.3
RSI 30/70 回歸,4h,跟蹤,339,28.9,0.035,0.32,1.05,30.0,103,27.2,0.0,0.0,1.0,27.3,126,25.4,-0.011,-0.06,0.98,18.7,579,28.2,0.028,0.33,1.04,38.5
RSI 30/70 回歸,4h,固定1.5R,546,37.2,-0.115,-2.2,0.83,67.7,161,42.2,0.017,0.18,1.03,10.3,179,38.0,-0.086,-0.94,0.87,24.0,908,38.3,-0.083,-2.05,0.87,82.2
MACD 交叉,4h,跟蹤,402,29.6,0.085,0.86,1.14,33.1,122,32.0,0.109,0.65,1.18,16.2,149,24.8,-0.169,-1.16,0.76,29.7,693,28.7,0.023,0.32,1.04,41.3
MACD 交叉,4h,固定1.5R,851,39.8,-0.04,-0.96,0.94,59.0,272,44.9,0.062,0.83,1.11,19.5,300,37.0,-0.118,-1.7,0.82,49.4,1463,40.1,-0.04,-1.26,0.94,82.4
KD 高低檔交叉,4h,跟蹤,424,25.7,-0.15,-1.79,0.79,72.6,129,26.4,-0.155,-1.12,0.77,33.3,136,26.5,0.09,0.49,1.13,13.3,708,26.0,-0.103,-1.53,0.85,92.7
KD 高低檔交叉,4h,固定1.5R,681,38.3,-0.089,-1.9,0.86,68.0,226,41.6,-0.02,-0.25,0.97,14.4,252,38.5,-0.073,-0.95,0.88,30.6,1191,39.0,-0.071,-2.0,0.89,91.8
SAR 翻轉,4h,跟蹤,411,29.2,0.118,1.1,1.18,39.2,148,23.6,-0.271,-2.19,0.61,40.1,156,28.2,-0.114,-0.82,0.84,28.0,727,28.2,-0.003,-0.05,1.0,82.0
SAR 翻轉,4h,固定1.5R,884,41.7,0.003,0.08,1.01,51.9,286,43.0,0.025,0.34,1.04,14.8,306,40.2,-0.044,-0.63,0.93,32.1,1514,41.7,-0.004,-0.12,0.99,69.9
雲帶突破,4h,跟蹤,336,29.8,0.091,0.78,1.14,27.8,124,25.8,-0.059,-0.3,0.92,30.6,111,27.0,-0.014,-0.07,0.98,23.4,584,28.4,0.032,0.37,1.05,31.7
雲帶突破,4h,固定1.5R,439,42.1,0.014,0.24,1.02,27.1,169,35.5,-0.177,-1.95,0.74,47.0,155,40.6,-0.023,-0.23,0.96,20.7,781,40.3,-0.036,-0.83,0.94,60.4
轉換線/基準線交叉(雲外),4h,跟蹤,226,35.8,0.324,2.22,1.57,12.8,81,25.9,0.01,0.04,1.02,20.8,92,29.3,0.142,0.64,1.21,16.3,412,32.0,0.202,1.9,1.33,28.9
轉換線/基準線交叉(雲外),4h,固定1.5R,291,51.9,0.264,3.61,1.53,19.4,102,44.1,0.045,0.37,1.08,15.8,125,40.8,-0.016,-0.15,0.97,16.7,534,47.2,0.141,2.61,1.26,22.7
爆量長K,4h,跟蹤,230,29.6,0.068,0.53,1.11,25.1,77,26.0,-0.129,-0.62,0.81,22.7,81,27.2,-0.035,-0.17,0.95,16.2,400,28.7,0.016,0.17,1.02,25.7
爆量長K,4h,固定1.5R,370,42.7,0.019,0.29,1.03,20.8,104,51.0,0.218,1.76,1.42,5.9,114,39.5,-0.077,-0.67,0.88,13.3,616,43.8,0.042,0.83,1.07,20.8
突破整數關卡,4h,跟蹤,301,28.2,-0.001,-0.01,1.0,33.1,70,25.7,-0.028,-0.11,0.96,23.5,81,35.8,0.213,0.97,1.35,10.8,464,29.3,0.047,0.51,1.07,43.4
突破整數關卡,4h,固定1.5R,628,39.3,-0.048,-0.98,0.92,58.3,97,37.1,-0.123,-1.0,0.81,20.0,119,42.0,0.008,0.07,1.01,14.2,867,39.6,-0.047,-1.13,0.92,75.3
吞噬/錘子/流星(不看位置),4h,跟蹤,496,29.8,0.012,0.14,1.02,55.4,162,25.9,-0.058,-0.37,0.91,32.5,207,20.3,-0.261,-2.11,0.66,67.3,890,27.0,-0.076,-1.19,0.89,111.4
吞噬/錘子/流星(不看位置),4h,固定1.5R,1260,42.2,0.017,0.48,1.03,57.1,433,41.1,-0.028,-0.47,0.96,33.0,468,36.8,-0.12,-2.15,0.82,71.0,2218,40.6,-0.027,-1.03,0.96,116.6
三角形突破,4h,跟蹤,117,30.8,0.256,1.08,1.38,10.2,35,17.1,-0.176,-0.39,0.76,21.0,51,21.6,-0.321,-1.55,0.56,21.7,205,26.3,0.038,0.23,1.05,35.2
三角形突破,4h,固定1.5R,132,40.2,-0.033,-0.3,0.95,12.5,43,30.2,-0.292,-1.65,0.6,16.9,59,39.0,-0.061,-0.38,0.9,11.2,237,38.0,-0.089,-1.12,0.86,27.5
M頭/W底頸線突破,4h,跟蹤,36,25.0,-0.198,-0.84,0.68,11.7,12,33.3,-0.265,-0.86,0.57,4.2,11,27.3,0.283,0.37,1.38,7.2,64,28.1,-0.12,-0.62,0.81,17.9
M頭/W底頸線突破,4h,固定1.5R,39,46.2,0.113,0.56,1.2,4.8,12,41.7,-0.002,-0.0,1.0,3.5,12,33.3,-0.222,-0.62,0.68,7.0,68,42.6,0.022,0.14,1.04,7.0
頭肩頸線突破,4h,跟蹤,47,48.9,0.599,1.76,2.33,6.9,16,31.2,0.362,0.38,1.51,7.6,22,13.6,-0.509,-1.67,0.35,11.3,87,36.8,0.255,0.95,1.44,12.4
頭肩頸線突破,4h,固定1.5R,50,54.0,0.317,1.79,1.67,4.1,19,36.8,-0.13,-0.46,0.8,7.1,23,34.8,-0.168,-0.66,0.75,7.0,94,44.7,0.079,0.62,1.14,8.7
箱型突破,4h,跟蹤,62,32.3,0.283,0.98,1.48,6.2,23,30.4,-0.095,-0.25,0.87,8.4,26,15.4,-0.466,-1.96,0.38,15.7,113,27.4,0.016,0.09,1.02,15.8
箱型突破,4h,固定1.5R,69,49.3,0.164,1.1,1.31,8.0,24,45.8,0.099,0.38,1.17,7.2,29,37.9,-0.103,-0.45,0.84,10.2,124,46.0,0.089,0.8,1.16,13.7
旗形突破,4h,跟蹤,214,23.4,-0.041,-0.28,0.94,42.4,72,19.4,-0.101,-0.38,0.87,22.8,68,27.9,-0.009,-0.04,0.99,21.6,356,23.6,-0.044,-0.39,0.94,60.5
旗形突破,4h,固定1.5R,297,41.4,-0.011,-0.16,0.98,42.3,99,42.4,0.012,0.1,1.02,11.1,96,39.6,-0.049,-0.39,0.92,21.9,496,41.3,-0.012,-0.22,0.98,42.9
壓力突破/支撐跌破,4h,跟蹤,487,29.0,0.022,0.25,1.03,32.3,155,24.5,-0.073,-0.46,0.89,43.3,161,30.4,0.172,0.96,1.27,18.2,815,28.3,0.029,0.41,1.04,50.7
壓力突破/支撐跌破,4h,固定1.5R,1111,42.8,0.029,0.78,1.05,29.4,366,40.2,-0.05,-0.79,0.92,44.9,392,40.1,-0.035,-0.57,0.94,34.1,1898,41.5,-0.004,-0.15,0.99,61.3
支撐/壓力反彈,4h,跟蹤,536,27.1,-0.102,-1.27,0.85,70.8,155,27.7,-0.031,-0.2,0.95,21.8,167,31.1,0.099,0.62,1.16,13.8,867,28.0,-0.047,-0.72,0.93,72.2
支撐/壓力反彈,4h,固定1.5R,1228,38.8,-0.069,-2.0,0.89,95.8,393,39.2,-0.07,-1.15,0.89,31.4,424,43.2,0.041,0.68,1.07,24.8,2069,39.9,-0.044,-1.66,0.93,127.7
趨勢線反彈,4h,跟蹤,138,29.7,0.118,0.62,1.18,14.4,34,35.3,0.535,1.07,1.83,11.8,40,30.0,-0.077,-0.27,0.88,14.1,215,30.7,0.141,0.92,1.22,15.1
趨勢線反彈,4h,固定1.5R,185,42.7,0.036,0.4,1.06,13.4,43,48.8,0.165,0.86,1.31,8.7,50,44.0,0.066,0.37,1.11,4.6,283,44.2,0.069,0.93,1.12,13.4
趨勢線跌破/突破,4h,跟蹤,151,31.8,-0.017,-0.13,0.97,20.3,38,36.8,0.86,1.65,2.57,10.7,43,34.9,0.381,1.05,1.66,9.1,236,32.6,0.178,1.29,1.29,20.3
趨勢線跌破/突破,4h,固定1.5R,183,40.4,-0.023,-0.25,0.96,20.5,50,50.0,0.224,1.26,1.44,4.2,50,38.0,-0.095,-0.54,0.85,10.4,287,41.1,-0.006,-0.09,0.99,21.6
費波納奇回撤反彈,4h,跟蹤,12,41.7,1.03,1.09,3.48,2.8,4,25.0,-0.665,-1.63,0.17,3.2,7,14.3,-0.813,-4.46,0.05,5.7,23,30.4,0.174,0.33,1.28,9.5
費波納奇回撤反彈,4h,固定1.5R,12,50.0,0.217,0.58,1.42,2.1,4,25.0,-0.429,-0.68,0.46,3.2,7,14.3,-0.676,-1.91,0.23,4.7,23,34.8,-0.167,-0.66,0.75,7.9
RSI背離,4h,跟蹤,185,31.4,0.201,1.19,1.31,17.8,61,18.0,-0.382,-1.58,0.48,34.8,79,24.1,-0.101,-0.44,0.87,28.2,331,26.9,0.001,0.01,1.0,63.1
RSI背離,4h,固定1.5R,235,38.3,-0.073,-0.91,0.89,24.5,77,33.8,-0.195,-1.43,0.72,17.3,101,32.7,-0.211,-1.8,0.69,27.2,419,35.8,-0.14,-2.38,0.79,65.2
MACD背離,4h,跟蹤,172,28.5,-0.055,-0.4,0.92,31.1,53,28.3,0.344,0.85,1.55,15.1,71,19.7,-0.351,-2.03,0.52,24.9,303,26.1,-0.076,-0.67,0.89,31.5
MACD背離,4h,固定1.5R,222,38.7,-0.069,-0.84,0.89,22.7,69,40.6,-0.032,-0.22,0.95,15.9,85,34.1,-0.194,-1.53,0.71,20.7,383,37.6,-0.105,-1.69,0.84,44.3
K線型態@支撐壓力,4h,跟蹤,413,28.8,0.001,0.01,1.0,35.8,141,21.3,-0.109,-0.64,0.85,28.6,150,26.7,0.026,0.15,1.04,28.9,715,26.9,-0.02,-0.27,0.97,48.9
K線型態@支撐壓力,4h,固定1.5R,777,39.9,-0.042,-0.97,0.93,50.1,253,41.5,-0.028,-0.37,0.95,18.1,300,34.0,-0.197,-2.9,0.71,67.4,1351,38.7,-0.078,-2.38,0.88,110.9
