name,kind,n,keep%,dev_avgR,dev_base,dev_totR,dev_DD,val_avgR,val_base,val_totR,val_DD,test_avgR,test_base,test_totR,test_DD,all_avgR,all_base,all_totR,all_DD,all_base_totR,all_base_DD,passed
（基準）系統,base,406,100,0.868,0.868,184.9,10.7,0.312,0.312,28.7,17.5,0.245,0.245,24.7,10.4,0.587,0.587,238.3,17.5,238.3,17.5,False
RSI15未過熱,filter,171,42,0.725,0.868,57.3,4.5,0.229,0.312,8.7,9.2,0.064,0.245,3.5,14.4,0.406,0.587,69.4,14.4,238.3,17.5,False
RSI1h未過熱,filter,371,91,0.967,0.868,189.5,8.1,0.282,0.312,23.1,19.0,0.303,0.245,28.2,9.4,0.649,0.587,240.8,19.0,238.3,17.5,False
1h RSI同向(>50/<50),filter,406,100,0.868,0.868,184.9,10.7,0.312,0.312,28.7,17.5,0.245,0.245,24.7,10.4,0.587,0.587,238.3,17.5,238.3,17.5,False
KD15未過熱,filter,269,66,0.41,0.868,59.9,10.1,0.404,0.312,22.6,9.4,0.016,0.245,1.1,11.0,0.311,0.587,83.6,11.0,238.3,17.5,False
收在布林通道內,filter,130,32,0.961,0.868,59.6,4.6,0.42,0.312,13.9,6.9,0.001,0.245,0.0,8.7,0.565,0.587,73.5,8.7,238.3,17.5,False
15m布林收窄後,filter,305,75,1.157,0.868,179.4,6.6,0.329,0.312,23.4,10.6,0.322,0.245,25.4,10.0,0.748,0.587,228.2,10.6,238.3,17.5,True
1h布林收窄後,filter,187,46,1.494,0.868,137.5,9.4,0.115,0.312,5.2,18.4,0.353,0.245,17.6,5.1,0.857,0.587,160.3,18.4,238.3,17.5,False
1h雲帶同向,filter,389,96,0.774,0.868,157.1,13.8,0.285,0.312,25.9,19.7,0.172,0.245,16.3,14.3,0.512,0.587,199.4,19.7,238.3,17.5,False
VWAP同向,filter,406,100,0.868,0.868,184.9,10.7,0.312,0.312,28.7,17.5,0.245,0.245,24.7,10.4,0.587,0.587,238.3,17.5,238.3,17.5,False
1h MACD同向,filter,376,93,0.832,0.868,169.7,13.2,0.378,0.312,32.2,14.7,0.248,0.245,21.6,11.0,0.594,0.587,223.4,14.7,238.3,17.5,False
1h SAR同向,filter,385,95,0.917,0.868,183.4,8.7,0.33,0.312,29.4,16.5,0.137,0.245,13.2,10.0,0.587,0.587,225.9,16.5,238.3,17.5,False
1h EMA200同向,filter,406,100,0.868,0.868,184.9,10.7,0.312,0.312,28.7,17.5,0.245,0.245,24.7,10.4,0.587,0.587,238.3,17.5,238.3,17.5,False
樞軸P同向,filter,406,100,0.868,0.868,184.9,10.7,0.312,0.312,28.7,17.5,0.245,0.245,24.7,10.4,0.587,0.587,238.3,17.5,238.3,17.5,False
已突破R1/S1,filter,315,78,0.798,0.868,137.3,10.1,0.402,0.312,26.1,17.6,-0.1,0.245,-7.8,19.4,0.494,0.587,155.6,19.4,238.3,17.5,False
在亞洲盤區間外(同向),filter,345,85,0.853,0.868,153.5,10.0,0.195,0.312,15.2,18.7,0.044,0.245,3.8,12.6,0.5,0.587,172.5,18.7,238.3,17.5,False
1h ADX上升,filter,290,71,0.635,0.868,106.0,13.3,0.325,0.312,18.9,6.9,0.321,0.245,20.8,9.6,0.502,0.587,145.7,13.3,238.3,17.5,False
訊號K放量(≥1.5倍),filter,293,72,0.921,0.868,150.2,14.4,0.145,0.312,9.0,12.9,0.297,0.245,20.2,9.2,0.612,0.587,179.4,14.4,238.3,17.5,False
整數關卡還有空間,filter,397,98,0.834,0.868,170.2,13.8,0.298,0.312,27.5,17.5,0.239,0.245,24.1,10.4,0.559,0.587,221.8,17.5,238.3,17.5,False
1h前方壓力≥1.5ATR,filter,249,61,0.737,0.868,95.0,14.7,0.329,0.312,16.8,10.2,0.246,0.245,17.0,8.0,0.517,0.587,128.8,14.7,238.3,17.5,False
1h無反向背離,filter,395,97,0.895,0.868,187.9,10.0,0.357,0.312,31.4,16.7,0.181,0.245,17.5,11.6,0.6,0.587,236.8,16.7,238.3,17.5,False
1h型態同向突破,filter,100,25,0.599,0.868,31.2,8.1,0.355,0.312,7.8,9.0,0.505,0.245,13.1,4.6,0.521,0.587,52.1,9.0,238.3,17.5,False
1h無反向型態,filter,404,100,0.868,0.868,184.9,10.7,0.317,0.312,28.6,16.5,0.245,0.245,24.7,10.4,0.589,0.587,238.2,16.5,238.3,17.5,False
費波納奇在波段高檔(延續),filter,288,71,0.663,0.868,103.5,13.0,0.388,0.312,24.1,13.2,0.336,0.245,23.5,9.8,0.525,0.587,151.1,13.2,238.3,17.5,False
同向指標≥4/6,filter,406,100,0.862,0.868,183.5,10.7,0.312,0.312,28.7,17.5,0.245,0.245,24.7,10.4,0.584,0.587,236.9,17.5,238.3,17.5,False
同向指標≥5/6,filter,391,96,0.868,0.868,178.7,8.7,0.315,0.312,28.3,17.5,0.213,0.245,20.2,10.2,0.581,0.587,227.3,17.5,238.3,17.5,False
同向指標≥6/6,filter,352,87,0.787,0.868,147.9,13.1,0.366,0.312,30.4,15.9,0.088,0.245,7.1,14.4,0.527,0.587,185.5,15.9,238.3,17.5,False
1h 趨勢線被反向突破,exit,412,101,0.755,0.868,162.2,10.7,0.134,0.312,12.6,21.5,0.224,0.245,23.1,9.4,0.48,0.587,197.9,21.5,238.3,17.5,False
1h 反向型態突破,exit,409,101,0.913,0.868,195.3,10.7,0.221,0.312,20.6,15.7,0.287,0.245,29.3,10.9,0.599,0.587,245.2,15.7,238.3,17.5,False
1h 反向背離(RSI/MACD),exit,422,104,0.828,0.868,182.2,10.4,0.141,0.312,13.9,21.6,0.139,0.245,14.5,11.8,0.499,0.587,210.5,21.6,238.3,17.5,False
1h SAR 翻轉,exit,447,110,0.37,0.868,84.7,9.3,0.004,0.312,0.4,23.7,0.055,0.245,6.4,9.7,0.205,0.587,91.5,23.7,238.3,17.5,False
1h MACD 反向交叉,exit,442,109,0.487,0.868,112.4,10.6,-0.023,0.312,-2.3,22.3,0.036,0.245,4.0,14.4,0.258,0.587,114.1,24.0,238.3,17.5,False
1h 均線反向交叉,exit,406,100,0.868,0.868,184.9,10.7,0.314,0.312,28.8,17.4,0.245,0.245,24.7,10.4,0.587,0.587,238.4,17.4,238.3,17.5,False
1h KD 高低檔反向交叉,exit,473,117,0.236,0.868,57.9,8.1,-0.051,0.312,-5.3,23.9,-0.053,0.245,-6.7,12.3,0.097,0.587,46.0,34.2,238.3,17.5,False
1h RSI 超買/超賣回落,exit,457,113,0.273,0.868,66.9,10.3,-0.06,0.312,-5.9,19.5,0.079,0.245,9.1,9.1,0.153,0.587,70.1,19.5,238.3,17.5,False
1h 跌破支撐/突破壓力,exit,453,112,0.475,0.868,112.9,12.8,0.192,0.312,18.4,13.9,-0.009,0.245,-1.1,14.8,0.288,0.587,130.2,14.8,238.3,17.5,False
1h K線反轉型態@支撐壓力,exit,434,107,0.766,0.868,172.5,10.7,0.064,0.312,6.1,23.4,0.127,0.245,14.4,9.6,0.445,0.587,193.0,23.4,238.3,17.5,False
15m 穿越VWAP,exit,477,117,0.26,0.868,64.6,11.0,-0.013,0.312,-1.3,19.7,-0.096,0.245,-11.9,17.9,0.108,0.587,51.3,33.4,238.3,17.5,False
1h 費波納奇回撤>61.8%,exit,406,100,0.868,0.868,184.9,10.7,0.312,0.312,28.7,17.5,0.245,0.245,24.7,10.4,0.587,0.587,238.3,17.5,238.3,17.5,False
費波納奇延伸127.2%,target,431,106,0.626,0.868,142.0,7.9,0.037,0.312,3.5,16.6,0.178,0.245,19.4,12.0,0.383,0.587,164.9,16.6,238.3,17.5,False
費波納奇延伸161.8%,target,410,101,0.712,0.868,153.1,10.0,0.139,0.312,13.0,22.1,0.333,0.245,34.0,10.4,0.488,0.587,200.1,22.1,238.3,17.5,False
前方1h壓力/支撐,target,484,119,0.133,0.868,34.1,14.9,0.023,0.312,2.4,16.8,0.077,0.245,9.3,12.6,0.095,0.587,45.8,16.8,238.3,17.5,False
